User name,AWS access key,Event time,Event source,Event name,AWS region,Source IP address,User agent,Error code,Resources,Request ID,Event ID,Read-only,Event type,Recipient Account Id,Event category
root,ASIAUAYECC42BHHDFUXU,2020-06-28T21:53:20Z,iam.amazonaws.com,AttachGroupPolicy,us-east-1,205.166.76.242,console.amazonaws.com,,"[{""resourceType"":""AWS::IAM::Policy"",""resourceName"":""arn:aws:iam::aws:policy/job-function/Billing""},{""resourceType"":""AWS::IAM::Group"",""resourceName"":""Reviewers""}]",ff78e02e-f3e7-43b4-a075-82c5eeaf08bd,07e69f8d-c4ed-48f2-83b4-ffb97fd06ec0,,AwsApiCall,276497045300,
root,ASIAUAYECC42BHHDFUXU,2020-06-28T21:53:20Z,iam.amazonaws.com,CreateGroup,us-east-1,205.166.76.242,console.amazonaws.com,,"[{""resourceType"":""AWS::IAM::Group"",""resourceName"":""Reviewers""},{""resourceType"":""AWS::IAM::Group"",""resourceName"":""arn:aws:iam::276497045300:group/Reviewers""},{""resourceType"":""AWS::IAM::Group"",""resourceName"":""AGPAUAYECC42L6WKRXZXJ""}]",1cb7cd8b-3106-431c-a19d-8f89164bff3f,5fcb6f0d-dacc-4a61-a857-1b9a73e3349e,,AwsApiCall,276497045300,
root,ASIAUAYECC42BHHDFUXU,2020-06-28T21:53:06Z,iam.amazonaws.com,CreateGroup,us-east-1,205.166.76.242,console.amazonaws.com,,"[{""resourceType"":""AWS::IAM::Group"",""resourceName"":""CloudTrailAdmins""},{""resourceType"":""AWS::IAM::Group"",""resourceName"":""arn:aws:iam::276497045300:group/CloudTrailAdmins""},{""resourceType"":""AWS::IAM::Group"",""resourceName"":""AGPAUAYECC42GNZOOD44I""}]",63601299-a397-4f93-8637-ba5b8dc31117,98a95359-f5ad-4baf-bb9a-2d01468cb20c,,AwsApiCall,276497045300,
root,ASIAUAYECC42BHHDFUXU,2020-06-28T21:53:06Z,iam.amazonaws.com,AttachGroupPolicy,us-east-1,205.166.76.242,console.amazonaws.com,,"[{""resourceType"":""AWS::IAM::Policy"",""resourceName"":""arn:aws:iam::aws:policy/AWSCloudTrailReadOnlyAccess""},{""resourceType"":""AWS::IAM::Group"",""resourceName"":""CloudTrailAdmins""}]",72d480b3-ecc6-485f-aa9b-46a0164a5bb7,c39a3d63-85f6-4f6d-ac64-3259ca8f9f3d,,AwsApiCall,276497045300,
root,ASIAUAYECC42BHHDFUXU,2020-06-28T21:53:06Z,iam.amazonaws.com,AttachGroupPolicy,us-east-1,205.166.76.242,console.amazonaws.com,,"[{""resourceType"":""AWS::IAM::Policy"",""resourceName"":""arn:aws:iam::aws:policy/AWSCloudTrailFullAccess""},{""resourceType"":""AWS::IAM::Group"",""resourceName"":""CloudTrailAdmins""}]",74d9897a-124d-4f1e-9704-5b79d9af1207,ddf1a0a1-220d-4ffd-bd40-9a9358c953b9,,AwsApiCall,276497045300,
root,ASIAUAYECC42BHHDFUXU,2020-06-28T21:51:25Z,iam.amazonaws.com,UpdateAccountPasswordPolicy,us-east-1,205.166.76.242,console.amazonaws.com,,[],63ab66b7-b201-4389-9f48-e1c40c1c7b44,dd093a7e-9ba9-4ff1-aebf-0f7eb16fe868,,AwsApiCall,276497045300,
